{"cameraMode":{"drawMode":0,"name":"Shaded","section":"Shading Mode"},"sceneLighting":true,"audioPlay":false,"sceneViewState":{"m_AlwaysRefresh":false,"showFog":true,"showSkybox":true,"showFlares":true,"showImageEffects":true,"showParticleSystems":true,"showVisualEffectGraphs":true,"m_FxEnabled":true},"in2DMode":false,"pivot":{"x":434.61138916015627,"y":102.52224731445313,"z":111.16650390625},"rotation":{"x":0.1235056146979332,"y":-0.03422781080007553,"z":0.004265862982720137,"w":0.9917330145835877},"size":139.04696655273438,"orthographic":true}