{"cameraMode":{"drawMode":0,"name":"Shaded","section":"Shading Mode"},"sceneLighting":false,"audioPlay":false,"sceneViewState":{"m_AlwaysRefresh":false,"showFog":true,"showSkybox":false,"showFlares":true,"showImageEffects":true,"showParticleSystems":true,"showVisualEffectGraphs":true,"m_FxEnabled":true},"in2DMode":false,"pivot":{"x":-0.14328554272651673,"y":1.6156257390975953,"z":-5.960464477539063e-8},"rotation":{"x":0.07426309585571289,"y":-0.04187113046646118,"z":0.0031200021039694549,"w":0.9963433146476746},"size":1.8255302906036378,"orthographic":true}