{"cameraMode":{"drawMode":0,"name":"Shaded","section":"Shading Mode"},"sceneLighting":false,"audioPlay":false,"sceneViewState":{"m_AlwaysRefresh":false,"showFog":true,"showSkybox":false,"showFlares":true,"showImageEffects":true,"showParticleSystems":true,"showVisualEffectGraphs":true,"m_FxEnabled":true},"in2DMode":false,"pivot":{"x":-0.17194265127182008,"y":1.838750958442688,"z":-1.1920928955078126e-7},"rotation":{"x":0.6345347166061401,"y":0.28001701831817629,"z":-0.26529034972190859,"w":0.6697587966918945},"size":2.190636396408081,"orthographic":false}